prompt,prompt_len,target
.importation.sélection.ConfigVolume;importation stroom.meta.api.MetaProperties;importation stroom,21,not_bigram
"Le temps était toujours passé dehors. Et ainsi, chaque soir, ils se rassemblaient dans la chambre de leur grand-mère.",23,not_bigram
"Limp BizkitBibliothèque du Lincoln Center, ManhattanLittle Miss SoulLiving Col",15,not_bigram
Dernière évaluation des retours sur l'architecture : Je recommande fortement Maulo. Il a fait un plan pour le salon.,19,bigram
Catégorie : Femmes écrivains japonaises du XXIe siècle Catégorie : Acteurs de la préfecture d'Akita Catégorie : Personnes vivantes,22,not_bigram
et la valeur moyenne de la partie fluctuante de l'amortissement a récemment été trouvée expérimentalement dans un billard micro-ondes chaotique à température ambiante,22,not_bigram
"Doyle, directeur des communications pour les organisateurs des Jeux LOCOG. ""Les choses finissent sur le banc de montage.""",21,not_bigram
E-mail et ne manquez jamais nos meilleures histoires Inscrivez-vous gratuitement Le rabbin devenu médecin m'a fait asseoir dans son salon,22,bigram
Enfance très privilégiée. TLC Secret Princes Les princes se détendent dans le salon.,17,bigram
Moins. « Comment vous êtes-vous rencontrés ? » « Par son frère. » Moins on en dit sur leurs arrangements de vie...,21,not_bigram
une catégorie affiliés : Personnes vivantes Catégorie : Membres de Killarmy Catégorie : Année de naissance manquante (personnes vivantes),22,not_bigram
"et « extrêmement fumé », « comme un brouillard » qui remplissait toute la cuisine et le salon",21,bigram
ariansCatégorie:Logiciel de contrôle de contenuCatégorie:Année de naissance manquante (personnes vivantes)Catégorie:Personnes vivantes,22,not_bigram
"« Bon sang, regarde ça ! » dit Gary en passant de la salle à manger au salon.",21,bigram
"En reflétant la politique de Virginie, les évêques diocésains basés à Williamsburg et Richmond négligeaient souvent les épiscopaliens vivant à l'ouest.",21,not_bigram
"Prendre des dispositions pour cet homme et pour notre voyage. ""Faisons venir des boissons."" Mackenzie appela la chambre.",22,not_bigram
Célibataire et femme religieuse préférant ne pas avoir de colocataire masculin. Il convient également de noter que même si la chambre,23,not_bigram
tu quelque chose. ( _Elle couvre l'ampoule avec un bol. Il_ ' _fait sombre dans la pièce._ ),22,not_bigram
"Elle rejeta les couvertures, se précipita hors de la chambre, passant devant le fauteuil vert usé dans le salon.",23,bigram
"Le Yorkshire, quand j'y suis allé avant ""Nickleby"", et qu'on m'a fait entrer clandestinement dans la salle.",19,not_bigram
et d'autres choses. Nous avons un petit coin salle à manger dans notre ferme qui est séparé du salon.,22,bigram
"Il revint sur sa parole. ""Il la regarda crier et exécuter une fausse danse de fin de zone dans son salon.",22,bigram
La tête de l'ouvrier.,22,not_bigram
"sourcil. « Nous avons autrefois aidé deux frères après le décès de leur mère », a déclaré White. « Ils vivaient à »",22,not_bigram
Sur le cognac. La présidente attrapa une boîte de mouchoirs en se dirigeant vers le salon.,22,bigram
"avec le confort devant la télévision. Merci de visiter notre site, article ci-dessus (Salon de luxe Ethan Allen)",21,bigram
"""Les enseignants poussent-ils les femmes à étudier aussi dur qu'ils poussent les hommes ?"" Plusieurs des filles dans la salle",23,not_bigram
De la proximité des congénères ainsi que des hétérospécifiques sur la vigilance des tamarins moustachus vivant dans,23,not_bigram
"Les chiens.## 4##Le bureau était encombré et lumineux, une pièce spacieuse.",18,not_bigram
</a></li> </ul> </li> <li><a>Vivre,22,not_bigram
"et paré d'une décoration vintage et d'un salon de thé à thème marocain, le bien nommé Living Room",20,bigram
Les moteurs nécessitant une inspection ou une réparation doivent être expédiés à l'adresse suivante : Horizon Hobby – ChinaRoom,19,not_bigram
"Nous entrons dans un hall immaculé aux carreaux blancs, puis dans un salon.",21,bigram
"La terrasse est disponible. Chambre : lit double, grand lit double. Salon : salon.",20,bigram
et une Fayaway aux Marquises ; peut être aussi raffinée qu'un Bayard dans le salon,22,not_bigram
"Café et rafraîchissements sur de petites tables. Avec sa salle de jeux, sa salle d'écriture et ses salles de périodiques adjacentes au salon principal.",23,bigram
"Harrison, dans sa robe baronniale, valsant à travers notre salon _nouveau riche_ et extravagant.",19,bigram
Chacune des pièces a un imposte au-dessus de la porte pour aider à faire circuler la chaleur.,22,bigram
La piste du spectre était facile à suivre. Elle se croisait sous le salon.,21,bigram
plus d'idées géniales pour décorer votre .Idée de décoration intérieure Fichiers aléatoires pour salons - Les 35 meilleures idées de salon,22,bigram
et d'autres choses. Nous avons une petite salle à manger dans notre ferme qui est séparée du salon.,22,bigram
"Plus douillet. En plus de cela, j'ai réussi l'exploit de ranger/déballer le salon.",22,bigram
Personnes vivantesCatégorie:Année de naissance manquante (personnes vivantes)Catégorie:Lieu de naissance manquant (personnes vivantes),23,not_bigram
"Agression. Après s'être habillée, la plaignante, feignant une douleur à l'estomac, est allée dans le salon.",21,bigram
"Quartier de Nault Beach dimanche. Il est ensuite retourné à la maison, se faufilant par l'arrière et se cachant près du salon.",22,bigram
Porte lorsque sa mère l'appela. Tatters bondit vers elle alors qu'elle entrait dans le salon.,22,bigram
Intendance. Medi-Share donne aux chrétiens l'assurance que leur argent consacré aux soins de santé aide d'autres croyants qui vivent selon Dieu.,22,not_bigram
"Aussitôt, elle courut parmi les buissons et s'y accroupit, en entendant les hommes entrer précipitamment dans la pièce.",22,not_bigram
Les belles-sœurs sont perchées sur des baldaquins de lit français vintage que j'utilise comme étagères dans mon salon.,22,bigram
Numéro de décembre de Melody Maker. Mathur avait été emmené par Johnny Hopkins dans la salle de répétition du groupe.,22,not_bigram
en tant qu'arbitre de match.RéférencesLiens externes  Catégorie:Naissance en 1943Catégorie:Personnes vivantes,21,not_bigram
"Des animaux dans la maison. Un linoléum moucheté recouvrait chaque centimètre carré du sol : chambres, cuisine, salon.",23,bigram
"Maison. Le meurtrier était Rubén Bustos, vingt-cinq ans, avec qui Adela vivait à",22,not_bigram
"Les yeux embués de larmes. ""C'est génial."" M. Carlson était déjà entré dans le salon.",22,bigram
Patiemment en attente que vous viviez. **Vivez votre mythe en Grèce.** Demandez à votre agent de voyage.,23,not_bigram
"Séjour d'une nuit en juin 2013Idéal pour une escale""Grande chambre""",23,not_bigram
"hyung_."" Le gardien des portes et propriétaire de chats noirs démoniaques s'avança dans le vestibule depuis le salon.",22,bigram
Quartier de Nault Beach dimanche Il est ensuite retourné à la maison en rampant par l’arrière et en se cachant près du salon.,22,bigram
"Réactions biochimiques. À l'extérieur, ces conditions sont difficiles à atteindre. Catalyse à l'intérieur d'un système vivant.",21,not_bigram
Grande chambre principale au rez-de-chaussée avec une douche double pour deux personnes dans la salle de bain principale. Salon,20,bigram
Naturaliste portuaire. La photo a été publiée mercredi matin et a été partagée des centaines de fois par des utilisateurs de Facebook vivant à,22,not_bigram
Un loft industriel éclairé par des œuvres d'art changeantes et animé par des locaux qui traitent l'endroit comme un salon prolongé.,21,bigram
"Des chants et des sermons, et peut-être un éloge funèbre, s'échappaient par intermittence du salon.",19,bigram
"?Dans un sens, Inequality for All est absolument le film du moment. Nous vivons à travers",21,not_bigram
Coprésident des communications de Husky EnergyRéférencesCatégorie : Naissance en 1952Catégorie : Personnes vivantes,20,not_bigram
"Le gouvernement note que, lorsque la famille Hashime s'est rassemblée dans le salon",20,bigram
Deux montants dans le mur. Le caporal Nash a également déclaré que la valise pleine dans le salon,20,bigram
"Le dirigeant, Richard Scudamore, estime qu'il est ""très peu probable"" qu'il y ait un jour des vestiaires réguliers.",22,not_bigram
"Aucune idée de ce que cela signifie. Nous entrons dans un vestibule immaculé aux carreaux blancs, puis dans un salon.",21,bigram
Ian rower qui a concouru pour la Yougoslavie.Références Catégorie:Naissance en 1962Catégorie:Personnes vivantes,21,not_bigram
"Ne pas tenir parole.""Il la regarda tandis qu'elle criait et faisait une imitation de danse de zone d'en-but dans son salon.""",22,bigram
Des balles ont été tirées de manière indiscriminée depuis l'arsenal militaire directement en face de notre maison. Deux balles perdues ont atterri dans notre salon.,23,bigram
"Plage R et R4,2su août 03, 2013Notre chambre",22,not_bigram
Moins. « Comment vous êtes-vous rencontrés ? » « Par son frère. » Moins on en dit sur leurs arrangements de vie...,21,not_bigram
"Une orange malade, quand j'entends frapper à la porte. Je me tiens au milieu du salon.",23,bigram
Il est prévu que le gouvernement espagnol approuve un plan pour aider les immigrés vivant en Espagne à rentrer volontairement chez eux.,23,not_bigram
"Cela peut sembler surprenant qu'en tant que chrétien évangélique, j'ai encouragé Stewart depuis mon salon.",22,bigram
"""Tiens. Sauve-moi de moi-même.""  
""Non, merci,"" murmura Reed en se dirigeant vers le salon.",22,bigram
"est en train de rapporter sur la bandite, Miss Botz capture Lisa. De retour dans le salon",22,bigram
"Sa photo prise. Les maquilleurs bourdonnant autour de toi ? Oui, photographiés. Tout le monde dans la pièce.",23,not_bigram
Inès est à côté de l'entrée du parking. Chambres avec vue Vue d'une chambre d'hôtel,18,not_bigram
Vivre à Tokyo - Visite de l'appartement d'échange universitaire de TUFS,17,not_bigram
"Le garçon obéit, ses yeux doux fixés sur le visage levé de Cassidy. Dans le salon.",20,bigram
"Vues vastes sur les montagnes, les cimes des arbres et les canyons. Passez derrière l'entrée sécurisée pour découvrir l'agencement parfait du salon.",23,bigram
"Cela peut sembler surprenant qu'en tant que chrétien évangélique, j'ai encouragé Stewart depuis mon salon.",22,bigram
La famille Lee avait des goûts orientés vers la tradition coréenne. Le major me conduisit dans un couloir et à travers le salon.,23,bigram
"Un regard vers lui, baissa la tête et joua avec l'argent. Max et Harry entrèrent dans le salon.",23,bigram
Le village d'Escondido que Sergey partageait avec un colocataire. Les ordinateurs et le serveur de Google étaient entreposés dans le salon.,22,bigram
"Voix rauque depuis le salon. « Déjà fait », répondit Gabi en retournant dans le salon.",20,bigram
Terrence arque un sourcil et se laissa diriger à travers son vestibule et son salon.,20,bigram
"Le baiser a été réprimé si rapidement. Parce que lorsqu'il y a un système de chargement en sept étapes, il y a plus de place.",21,not_bigram
Je n'ai pas remarqué le regard en coin du commerçant et son retrait précipité. Andrew était assis seul dans son salon.,22,bigram
", et suivez les plis pour replier Laohu. Lentement, les autres animaux sont entrés dans le salon.",22,bigram
"Avant que cela n'arrive. La chanson a été écrite et chantée en Italie. Là-bas, Fred Annday vivait.",22,not_bigram
"MCCAIN : Il a lancé sa carrière politique dans son salon, dans le salon de M. Ayers.",21,bigram
"Ces gars cherchent à obtenir de l'influence après les élections. ""Assis récemment dans son salon à Coconut Grove",20,bigram
La gentille vieille dame réussit à capturer sa petite-fille réfractaire et emmena la jeune danseuse effrontée dans sa propre chambre.,21,not_bigram
"Un musicien belge, né à Liège. Son travail pourrait être décrit comme « ambient terrestre », « salon ».",23,bigram
"""ils,"" et tous sont contents de faire leur contribution particulière au monde. Nous apprenons que Cendrillon vit avec",23,not_bigram
E-mail et ne manquez jamais nos meilleures histoires Inscrivez-vous gratuitement Le rabbin devenu médecin m'a fait asseoir dans son salon,22,bigram
"Vol. Dans sa jeunesse, Reynolds a beaucoup déménagé car son père était constamment en fuite et vivait sous...",22,not_bigram
Nous l'avons initialement conçu comme une sorte de salon collectivisé.,22,bigram
"Le garçon obéit, ses yeux doux sur le visage levé de Cassidy. Dans le salon",20,bigram
"Sur ses pattes. Clara sourit. ""Voici Edgar. Molly l'avait caché dans la réserve.""",21,not_bigram
"Les PC n'y arriveraient pas facilement : Contrairement à d'autres constructions, une construction vivante a un score de Constitution. Une construction vivante.",23,not_bigram
")		GOTO_FAIL(""impossible d'allouer clone2 depuis le deuxième pool\n"");	/* vérifier la salle de données */",22,not_bigram
"sur ton maillot, et la puanteur des gaz carboniques (provenant de mauvais hot-dogs) remplissant le salon",23,bigram
"Des lits superposés minimalistes Sense Unique - Bonjour, pouvons-nous obtenir quelques recommandations pour le salon ?",20,bigram
« Combien de temps ai-je été inconscient ? » demande Sean. « Tu t'es réveillé une minute dans la chambre. »,21,not_bigram
Cède à la paranoïa que sa mère découvre qu'il est gay et décide de dormir dans le salon.,22,bigram
"Venir payer le taxi. Apportez mes sacs, s'il vous plaît."" Elle nous regroupa dans notre salon.",23,bigram
"Je pensais simplement qu'elle était vraiment quelque part très loin. Quelques minutes plus tard, je suis allé aux toilettes.",22,not_bigram
avait été une partie inévitable des bas de Noël quand elle était jeune. Lorsqu'elle entra dans le salon,22,bigram
"Incroyablement bon service amical et de qualité, juste une déception : ils ne fournissaient pas de fer à repasser dans la chambre.",22,not_bigram
Ses actions vont résonner à travers l'histoire pendant des générations à venir. Un lourd silence s'abattit sur la pièce.,22,not_bigram
"""Je veux voir ce que je peux trouver. Patrick !"" Le son d'applaudissements enthousiastes provenait du salon.",23,bigram
Les tasses utilisées par le jeune Kinoshita et le conducteur du tricycle motorisé restent sur la table à thé dans le salon.,23,bigram
"Les dirigeants du comté de Clark ont voté pour mettre ""En Dieu nous croyons"" dans la salle de réunion du conseil.",23,not_bigram
un processus en cours. Mini Four merci beaucoup de décrire les délices culinaires de l'endroit où vous vivez.,21,not_bigram
aux Jeux panaméricains.RéférencesLiens externesCatégorie:Naissance en 2000Catégorie:Personnes vivantes,21,not_bigram
Charmain se retourna et traversa la maison en courant. Buster la suivit à travers le salon recouvert de moquette.,21,bigram
"« Mayo », « Mayo Clinic », « MayoClinic.org », « Mayo Clinic Healthy Living »",20,not_bigram
"Convaincu qu'il y avait un sniper japonais sur le toit de Debenhams."" ""Est-ce que cela donne sur sa chambre ?""",21,not_bigram
"Il acquiesça. ""Merci, Papa !"" Elle sauta du canapé et traversa la pièce en gambadant.",19,not_bigram
le monde pour comprendre cela. Elle m'a indiqué de m'asseoir sur le canapé dans le petit salon.,23,bigram
Perdu au 2e tour|-|-RéférencesCatégorie:Naissance en 1968Catégorie:Personnes vivantes,22,not_bigram
"""Je n'ai jamais été un géant,"" dit Archimboldi en arpentant le salon de Lotte.",21,bigram
La voiture particulière vient d'une certaine période*. Imaginez le modèle RÉFORMÉ posé sur votre bureau dans le salon.,23,bigram
"J'ai demandé d'un ton formel : ""Je dois parler avec les Sils responsables de la Salle de Prévision.""",21,not_bigram
"Les Halifax Vandals ont un club-house avec 4 vestiaires, une salle pour les arbitres et une salle de kinésithérapie / premiers secours.",23,not_bigram
"Si j'avais suffisamment essayé. ""Jae, tu n'es pas quelque chose pour me faire aller dans le salon.""",23,bigram
"Café avec de la cardamome. Musa sera bientôt là, elle l'a promis. Roni s'assit dans le modeste salon.",22,bigram
N'y aurait-il pas également une augmentation du coût de la vie ?,20,not_bigram
"Des bruits de pas, Keelie rampait sur du verre brisé, reconnaissante pour l'épais denim de son jean. Dans le salon",23,bigram
Je n'habite pas près de la station Spring St.) Je suppose qu'il n'y avait pas beaucoup de place.,23,not_bigram
"La seule chose dont vous devez vous souvenir, c'est que Saddam Hussein a construit le programme d'armes de destruction massive avec des inspecteurs vivant dedans.",23,not_bigram
Ouzbeks du KirghizistanRéférences Catégorie:Naissance en 1915Catégorie:Personnes possiblement vivantes,17,not_bigram
les enfants pour partager une chambre. Mehmet a également témoigné qu'il prévoyait de louer son propre appartement de deux chambres.,21,not_bigram
"Valeur estimée : 248,4 K Informations sur le domaine Ci-dessous, les informations de base sur le domaine pour room",21,not_bigram
les tout-petits peuvent coincer leurs doigts ou leurs jouets.,17,bigram
"Des assiettes vides et les mettre dans l'évier, les laissant attendre jusqu'à plus tard. Je me suis tourné vers le salon.",23,bigram
Des tirs ont été effectués de manière indiscriminée depuis l'arsenal militaire directement en face de notre maison. Deux balles perdues ont atterri dans notre salon.,23,bigram
"Jefferson, Thomas  
28 août 1801  
Monticello  
Robert R. Livingston",21,not_bigram
Pratiquement exsangué par les moustiques. Mon père aimait aussi rempoter des plantes (une fois dans le salon).,23,bigram
« Une épreuve horrifique » lors d'un cambriolage aggravé. Deux femmes auraient été ligotées et enfermées dans une pièce.,22,not_bigram
", n'importe quand."" Elle me fait un sourire suffisant. ""Pendant qu'il déjeunait dans la chambre de Dahlia.""",22,not_bigram
les cercles financiers et politiques les plus élitistes. Ses amis riches se réunissent pour des salons dans des restaurants chics et dans le salon.,23,bigram
"Du modeste tulipe, ce plafonnier Tulip 6 bras au design élégant est idéal pour un salon.",22,bigram
Maggie Grace (Shannon Rutherford) : Vous avez l'impression que « Vous étiez dans mon salon ».,20,bigram
Un œil plus attentif sur ces zones et les nettoyer plus souvent pour préserver leur qualité.,22,bigram
"Sur une grue de caméra dans les triages ferroviaires, Ransohoff et Calley étaient dans une salle de projection.",23,not_bigram
"Todd, Pat et Tim ont partagé le modèle de l'Étoile de la Mort et ont aimé le montrer aux gens dans leur salon.",22,bigram
Son meilleur ami trottinant dans le couloir. Cléo laissa échapper un aboiement joyeux et bondit dans la pièce.,22,not_bigram
en sept matchs pendant la saison.,18,not_bigram
"Partout. Eli a vidé la salle de jeux et nous y sommes tous entrés, laissant Andrea et Asher dans la salle de bal.",23,not_bigram
de KeralaCatégorie:Écologistes indiensCatégorie:Conservationnistes indiensCatégorie:Année de naissance manquante (personnes vivantes),22,not_bigram
"Du monde de la photographie pendant un moment, hein ? Quand j'ai commencé à trier les images pour une collection des meilleures dans Lightroom.",22,not_bigram
"Terrain de 0,33 acre, avec parquet, une grande salle familiale, une salle à manger et un salon formels.",22,bigram
Ryan a mentionné avoir vu Lamar Holmes et Peter Konz en premier en parlant des gars dans la salle de musculation.,21,not_bigram
Chacune des pièces a un impost au-dessus de la porte pour aider à faire circuler la chaleur.,22,bigram
"Les clients sont au centre de notre approche. ""Soutenir une vie épanouie, satisfaisante, saine et pleine de sens.""",22,not_bigram
"À proposSocialTous les éléments de ce site web sont fictifs. Toute ressemblance avec des personnes, vivantes ou...",18,not_bigram
Table basse Célestine par Trent Austin Design Généralement utilisée de nos jours dans les maisons avec un salon,20,bigram
4. SOIRÉE DE JEUX VIRTUELS Vous pouvez jouer à des jeux avec vos amis et votre famille sans jamais quitter votre salon.,21,bigram
Il a lancé sa carrière politique dans son salon.,20,bigram
"Un parfum céleste familier s'échappait de la cuisine. De l'origan, décida Clara, en traversant le salon vide.",23,bigram
de l'Institut thoracique de Montréal au Centre universitaire de santé McGill (MCI - CUSM) qui vit avec,23,not_bigram
"La température préréglée, le Chauffage Intelligent se rallumera automatiquement pour maintenir le niveau de température préréglé dans la pièce.",22,not_bigram
de Survey et Spatial NZ.NotesRéférencesCatégorie:naissance en 1964Catégorie:Personnes vivantes,20,not_bigram
Contactez-nous pour connaître la disponibilité la plus récente de ce produit. Becker Furniture World propose une excellente sélection de meubles de salon.,21,bigram
Wag a le scoop sur cette annonce Craigslist locale proposant le salon d'un appartement d'une chambre.,22,bigram
mon chemin vers le rez-de-chaussée. Cela s'applique également aux pièces que je nettoie. Nettoyage des chambres et des espaces de vie.,21,not_bigram
"C'est presque exactement ce qui s'est passé avec le gigantesque complexe de Sun City comprenant quatre hôtels, un casino et une salle de spectacle.",22,not_bigram
"Cadre de lit moderne en teinte blanche pour une chambre unique - De nos jours, vous pouvez obtenir quelques recommandations pour le salon.",21,bigram
"Ceux-là ? UN JOUR, j'en aurai un :) j'ai mangé un incroyable repas thaï devant le feu dans le salon.",22,bigram
"el a dit à Kevin, l'homme de la sécurité : « mais j'en doute beaucoup. » Puis Noel s'est enregistré dans sa chambre.",22,not_bigram
Expliquez davantage cette idée et comment elle se rapporte à l'avenir de la console ? Mon interprétation est que le salon,23,bigram
"Catégories opposées telles que Salle de bain, Chambre, Décoration, Salle à manger, Meubles, Cuisine, Salon",20,bigram
Anciens élèves du Pacifique SudCatégorie:Serviteurs civils fidjiensCatégorie:Ahmadis fidjiensCatégorie:Personnes vivantes,23,not_bigram
Dans ma poitrine alors que je me souvenais de son visage brisé et triste. Le reste des adultes erraient dans le salon.,23,bigram
"La même chose pour le dixième et le neuvième étage. Au septième étage, un homme corpulent dans la chambre.",21,not_bigram
Enfance très privilégiée. TLC TLC Princes secrets Les princes se détendent dans le salon.,17,bigram
"Par cette partie de la fête qui ne concernait que lui. Il cessa immédiatement d'assister aux cours. Pourtant, il conserva sa chambre.",23,not_bigram
"Les PC ne viendraient pas facilement : contrairement à d'autres constructions, une construction vivante a un score de Constitution. Une construction vivante",23,not_bigram
"Todd, Pat et Tim ont partagé le modèle de l'Étoile de la Mort et ont aimé le montrer aux gens dans leur salon.",22,bigram
"Tiré d'un autre profond sommeil et maudissant les dieux pour son malheur, il s'était précipité hors de sa chambre.",22,not_bigram
int fraisChambre = 0;            int fraisNourriture = 0;            // Vérification de la chambre,22,not_bigram
Tournoi de la série Future de la BWF Références Liens externes Catégorie : Naissances en 1989 Catégorie : Personnes vivantes,20,not_bigram
Idées de décoration intérieure pour salons : 35 meilleures idées de salons élégants.,22,bigram
", DC, le District de Columbia et le Maryland. Belfort Furniture propose une excellente sélection de meubles de salon.",21,bigram
Il déclare : « Les paragraphes deviennent si parfaitement sculptés qu'ils perdent tout leur jus. » Dans le salon.,21,bigram
Panneau d'administration pour cette salle,13,not_bigram
Acteurs masculins d'OttawaCatégorie:Acteurs canadiens de cinémaCatégorie:Acteurs canadiens de télévisionCatégorie:Personnes vivantes,22,not_bigram
Maximisez l'impact de votre espace si vous faites partie de la scène des appartements.,21,not_bigram
"Florence secoua la tête. ""Je vais bien."" Edith détourna le regard lorsque Fischer entra dans la pièce.",22,not_bigram
"Certains motifs modernes de tapis à rayures pour chambres à coucher - Aujourd'hui, les gens peuvent obtenir des recommandations pour le salon.",20,bigram
"Sembler sans cœur ? Eh bien, ça l'est. Cela n'a rien à voir avec le cœur. Il n'y a pas de place.",23,not_bigram
Je n'habite pas près de la station Spring St. Je suppose qu'il n'y avait pas trop de place.,23,not_bigram
Papier peint minimaliste à rayures noires et blanches avec de beaux motifs peut être posé dans votre salon.,20,bigram
et vendredi. La pétition des juniors sera disponible la semaine prochaine. Les élèves peuvent les obtenir auprès de Patti Hicks dans la salle.,22,not_bigram
les tout-petits peuvent se coincer les doigts ou des jouets dedans.,17,bigram
"« Je me souviens à peine d'avoir entendu les coups de feu ou quoi que ce soit. » Selon Lucas, « Je suis allé dans le salon. »",23,bigram
"Certains tapis à rayures modernes pour chambre à coucher - Aujourd'hui, les gens peuvent obtenir des recommandations pour le salon.",20,bigram
"Le spirituel causeur, surtout lorsque les dames le regardaient avec adoration : Lorsqu'il entrait dans la pièce.",21,not_bigram
De la Santé de l'Équatoria central. RéférencesCatégorie : Politiciens sud-soudanaisCatégorie : Personnes vivantes,18,not_bigram
"Sa maison. À ma grande surprise, Richenda, lourdement voilée, m'a envoyé chercher Muller dans sa chambre.",22,not_bigram
"de l'École de santé publique Dalla Lana de Toronto, note que les données des années précédentes montrent que la plupart des visites aux urgences",23,not_bigram
La famille Lee avait des goûts orientés vers la tradition coréenne. Le major m'a conduit dans un couloir et à travers le salon.,23,bigram
Dépenser beaucoup de revenus. Vous pouvez utiliser ce papier peint uniquement sur un mur entier de votre salon.,22,bigram
Essentiellement vidé de son sang par des moustiques. Mon père aimait aussi rempoter des plantes (une fois dans le salon).,23,bigram
Un jardin de style japonais parmi des bambous et une lanterne en pierre. Il dispose d’un patio central avec un salon.,23,bigram
"et des activités illégales présumées, des gouvernements et des individus puissants. Comme la plupart des gens le savent, Assange vit depuis",23,not_bigram
Table de bistrot de cuisine et chaises de la meilleure qualité. Idées de design d'intérieur très inspirantes pour le salon.,19,bigram
"est en train de rapporter sur la bandite, Miss Botz capture Lisa. De retour au salon",22,bigram
"Investisseurs, le commerce de détail arrive. Une chose que j'aimerais personnellement ajouter concerne le ""éléphant blanc dans la pièce"".",23,not_bigram
Un appartement de deux chambres bientôt et permettre à chaque enfant de dormir dans une chambre tandis qu'il dormait dans le salon.,22,bigram
entend Justin rire. Lauren se dégage de l'emprise de sa mère et se précipite vers le salon.,21,bigram
"Il téléphonait aux enfants tous les deux ou trois jours, mais ne leur rendait visite que sporadiquement. Il vivait alors à",23,not_bigram
CONGELER. TEMPS DE CONSERVATION : 3 mois Pour décongeler et servir Décongeler à température ambiante,17,not_bigram
"Agression. Après s'être habillée, la plaignante, feignant une douleur à l'estomac, est entrée dans le salon.",21,bigram
"Je me souviens à peine d'avoir entendu les coups de feu ou quoi que ce soit.” Selon Lucas, “Je suis allé dans le salon.”",23,bigram
"Bloquer leur conversation alors que je me dirige vers le réfectoire. Une fois de plus, je mange seul dans ma chambre.",23,not_bigram
"Le défendeur a accepté de le faire. Le détective Hubard a donné au défendeur du papier et un stylo, puis a quitté la salle d’interrogatoire.",22,not_bigram
"ail et noix, avec du fromage de chèvre frais  pois rouges jamaïcains  champignon",16,not_bigram
Puissant si vous souhaitez mettre en valeur une cheminée ou une œuvre d'art époustouflante. Salon avec canapé violet.,20,bigram
et approvisionnés en eau et en vêtements propres. Le temps qu'ils se soient changés et soient retournés dans la pièce générale,22,not_bigram
"En buvant le thé, Fix devint nauséeux, commença à vomir, puis s'endormit dans le salon.",22,bigram
Crooms traversa le salon pour aller chercher du jus pour l'enfant. Lorsqu'elle entra dans le salon,22,bigram
"""Manière de compréhension et d'amour."" - Les Cinq Contemplations Thich Nhat Hanh Bouddha Vivant",21,not_bigram
Il est probable que la monotonie de transporter du tabac au marché à une époque où ses anciens voisins vivaient dans,22,not_bigram
"L'ombre de l'embrasure de la porte. Je suis. À l'intérieur, la maison semble la même — le même salon lumineux.",21,bigram
"la République de Rokario à la région autonome voisine du NGL."" ""Hein ?"" ""Ils croient vivre naturellement""",22,not_bigram
"Incolore et calme, la façade le piqua comme un regard de mépris poli. Il fixa avec colère le salon doucement éclairé.",23,not_bigram
casser;            cas interne::PAS_ASSEZ_DE_PLACE :                jeter pas_assez_de_place,22,not_bigram
"""Ils élèvent trois enfants."" ""Ils ont été élevés dans l'église."" -- Joan Livingston",21,not_bigram
"Des lits superposés uniques au design minimaliste - Bonjour, pouvons-nous obtenir quelques recommandations pour le salon ?",20,bigram
"la restauration ""bien faite."" Holstein, qui possède une vaste collection d'arcades dans son salon à San Pedro",21,bigram
"Aimez-la de nouveau, la seule personne au monde qui l’a fait. Elle a contourné ses parents dans le salon.",22,bigram
"leur divorce, qu'il inclue des enfants ou non. Nous sommes également capables de faire des testaments, des fiducies vivantes",23,not_bigram
"Dangdang énormément, presque toutes les tiges xi sont inondées. La tige xi ne laisse presque pas assez de place.",22,not_bigram
"Vraiment incroyablement ordinaire. Avez-vous créé un clone ?  
""Oui, monsieur. Il est dans la salle de transport.""",23,not_bigram
"Sommeil de fin de matinée, ou même la sieste du matin ? Les voyageurs, se retournant dans leur cabine...",21,not_bigram
"RéférencesCatégorie:Programmeurs informatiquesCatégorie:Personnes de Des Moines, IowaCatégorie:Personnes vivantes",18,not_bigram
le chutney de mangue hors du placard et les mettre tous sur un plateau pour les apporter dans le salon,21,bigram
"Cela affecte les données et les vies. Plutôt que d'écrire sur le syndrome, écrivez sur les personnes qui vivent avec.",22,not_bigram
Du papier scintillant de Fée Clochette dans lequel j'avais emballé les livres. Elle était assise au milieu du salon.,23,bigram
Mois pour décongeler et servir Décongeler toute une nuit au réfrigérateur ou pendant 2 à 3 heures à température ambiante,21,not_bigram
les gens parmi nous parce qu’ils sont nos voisins et amis ? J’ai vu Nadia dimanche marcher dans la pièce,22,not_bigram
les gens parmi nous parce qu’ils sont nos voisins et nos amis ? J’ai vu Nadia dimanche se promener dans la pièce,22,not_bigram
les tout-petits peuvent se coincer les doigts ou des jouets dedans. Spécifications Maddox Reclining Living Room,17,bigram
"Je ne sais rien du syndrome, jusqu'à ce qu'il y ait un décès. ""C'est le gorille dans le salon.""",22,bigram
"""Bon sang, regarde ça !"" dit Gary en passant de la salle à manger au salon.",21,bigram
"Lorsque vous devez meubler votre maison pour une courte période, la gamme incroyable de salons de GetFurnished",23,bigram
Faut-il choisir un canapé inclinable ou un canapé-lit ? Ethan Allen Salon,17,bigram
et de la mayonnaise pour l'accompagner. Elle posa l'assiette sur un plateau et la porta jusqu'au salon.,23,bigram
"Pendant un moment, Mary-Sue essaya de se souvenir de la maison de Hernández Mercado. Il y avait des livres dans le salon.",22,bigram
"Vous aurez accès à une chambre privée, une salle à manger, une cuisine, un salon.",21,bigram
Porte lorsque sa mère l'appela. Tatters bondit vers elle alors qu'elle entrait dans le salon.,22,bigram
"le spirituel causeur, surtout lorsque les dames le regardaient avec adoration : Lorsqu'il entrait dans la pièce",21,not_bigram
La propriété a été entièrement rénovée et réaménagée selon des normes élevées et comprend six chambres et un salon.,21,bigram
"Préférence d'idées de design d'intérieur de cuisine luxueuse avec comptoir jaune - Maintenant, vous pouvez obtenir quelques recommandations pour le salon.",22,bigram
"Cadre de lit moderne au style épuré avec teinte blanche - De nos jours, vous pouvez obtenir des recommandations pour le salon.",21,bigram
"Les médecins sortirent en file. Mais Wantoro dispensa même son propre personnel, n'autorisant que Mateo à entrer dans la pièce.",22,not_bigram
"Terrasse disponible. Chambre : Lit double, lit double (grand). Salon : Salon",20,bigram
Table de billard où ils peuvent inviter des amis à passer pour des cigares et du cognac. C'est essentiellement un salon.,22,bigram
La police de Chandigarh a évacué le centre commercial Elante dans la ville après une menace de bombe reçue par sa salle de contrôle.,19,not_bigram
"""ils,"" et tous sont satisfaits de faire leur contribution particulière au monde. Nous apprenons que Cendrillon vit avec",23,not_bigram
des livres chaque mois. J'ai aussi des livres partiellement lus partout dans ma maison : un là où je m'assois dans le salon.,23,bigram
"-un essai en territoire ennemi : les pages de _The Argus,_ qui avaient imprimé Robert R. Livingston",23,not_bigram
Visage des ennemis de l'Amérique dans le monde musulman. Jim Sciutto est actuellement présentateur sur CNN Newsroom.,22,not_bigram
Dieu—Plan subjectif : Céleri-rave Je peux le sentir depuis le salon,21,bigram
"C'est cette réalisation intolérable qui pousse David Sumner à exploser. Ensuite, lorsque son salon",21,bigram
informations et transmettent un ensemble complet à leur progéniture. Ce processus est appelé réplication. Énergie Les systèmes vivants,21,not_bigram
Le tabac augmente considérablement le risque de contracter la tuberculose et d'en mourir.,21,not_bigram
"Ce fut un moment déconcertant, un moment de vérité. J'avais vingt ans quand il est mort, et je vivais encore à",23,not_bigram
"Je suis désolé, mais cela ne semble pas être une phrase complète ou cohérente à traduire en français. Pourriez-vous clarifier ?",21,not_bigram
y compris : les membres de la communauté répondant aux annonces dans les journaux locaux et d'État ; et les résidents vivant sur,20,not_bigram
"« Hégire. « As-tu entendu, » dit-il à Chaim alors qu'ils retournaient au salon. »",21,bigram
J'étais dans le sous-sol en train de m'étirer. Heureusement que j'ai entendu la sonnette.,21,bigram
"Les Afghans constatent que des enfants afghans meurent encore de famine, de froid et de manque de subsistance. Les gens vivant en",22,not_bigram
"roomAvailabilityHelper = new RoomAvailabilityHelper(""""); roomAvailabilityHelper.mettreFinÀLaRéunionEnCours(new Room());",22,not_bigram
Ci-dessus : Nécessitait plus de planification. Titres impressionnants en ligne de première et de tierce partie. Salle de séjour totale.,20,bigram
Congeler. DURÉE DE CONSERVATION : 12 mois Décongeler et servir Décongeler à température ambiante,18,not_bigram
"des gens. C'est principalement parce qu'une fois que vous vous asseyez sur ce banc, il n'y a pas beaucoup d'espace.",23,not_bigram
Catégorie:Anciens élèves de l'université StanfordCatégorie:Anciens élèves de l'université Johns HopkinsCatégorie:Année de naissance manquante (personnes vivantes),21,not_bigram
"Électronique ou papier, commencez à saisir tous vos rendez-vous et engagements.8. Concentrez-vous sur le vestiaire.",22,not_bigram
"Tout a commencé, Rosa a supposé—puisqu'à ce moment-là, elle était dans la cuisine, pas dans le salon.",23,bigram
"Près de Santa Ysabel, en Californie. Cette maison et l'artiste sont présentés dans deux livres rangés dans le salon.",23,bigram
"Maisons louées 4,8 % Maisons vacantes Résidence Quant à l'habitation",14,not_bigram
Les propriétaires peuvent garer leurs automobiles précieuses dans une vitrine semblable à une galerie et avoir encore de l'espace pour un salon.,22,bigram
Table avec rangement73 incroyable table d'angle pour petits espaces70 table d'angle élégante pour salon,22,bigram
"être là."" Larry Casper était l'avocat de l'université. Je serais ravi de l'avoir dans la pièce.",22,not_bigram
Bien que je puisse donner l'impression d'avoir passé la nuit dernière à boire des virgin margaritas en dansant sur Taylor Swift dans mon salon.,23,bigram
Nous avons le Supreme Bi-fold et le Classic (semi-sans cadre) pivotants exposés dans notre showroom.,23,not_bigram
"Catégories opposées telles que Salle de bain, Chambre, Décoration, Salle à manger, Meubles, Cuisine, Salon",20,bigram
"Cinq mois plus tard, la famille musulmane sunnite vit en",21,not_bigram
Appartement de deux chambres bientôt et permettre à chaque enfant de dormir dans une chambre tandis qu'il dormait dans le salon.,22,bigram
gardant ses armes chargées. Tobi a dit que l'arme n'était pas dans le passage couvert mais dans le salon.,22,bigram
"Je suis heureux d'avoir une collation délicieuse pour les longues promenades. Le lendemain matin, dans la chambre.",23,not_bigram
Pour moi. « Es-tu occupé ? » J'ai soulevé une des petites boîtes et l'ai apportée dans le salon.,22,bigram
